{"p_x": 0.5397815636557561, "p_y": -0.02910840280515184, "orien_z": -0.1978407295886863, "orien_w": 0.9802341790183692}